firstName,lastName,company,active,contactEmail
Bryan,Nash,ExampleCo,TRUE,bryan.nash@example.com
Abel,Bowen,ExampleCo,TRUE,abel.bowen@example.com
Ismael,Walton,ExampleCo,TRUE,ismael.walton@example.com
Joy,Daniel,ExampleCo,TRUE,joy.daniel@example.com
Ramon,Goodman,ExampleCo,TRUE,ramon.goodman@example.com
Joey,Vasquez,ExampleCo,TRUE,joey.vasquez@example.com
Robin,Stephens,ExampleCo,TRUE,robin.stephens@example.com
Rosalie,Singleton,ExampleCo,TRUE,rosalie.singleton@example.com
Beverly,Henderson,ExampleCo,TRUE,beverly.henderson@example.com
Eleanor,Barber,ExampleCo,TRUE,eleanor.barber@example.com
Jasmine,Soto,ExampleCo,TRUE,jasmine.soto@example.com
Mildred,Marsh,ExampleCo,TRUE,mildred.marsh@example.com
Clifton,Norman,ExampleCo,TRUE,clifton.norman@example.com
Danny,Fisher,ExampleCo,TRUE,danny.fisher@example.com
Joann,Becker,ExampleCo,TRUE,joann.becker@example.com
Jacob,Ramirez,ExampleCo,TRUE,jacob.ramirez@example.com
Claire,White,ExampleCo,TRUE,claire.white@example.com
Wilfred,Baker,ExampleCo,TRUE,wilfred.baker@example.com
Susan,Patrick,ExampleCo,TRUE,susan.patrick@example.com
Tabitha,Mckinney,ExampleCo,TRUE,tabitha.mckinney@example.com
Joshua,Christensen,ExampleCo,TRUE,joshua.christensen@example.com
Erik,Massey,ExampleCo,TRUE,erik.massey@example.com
Frank,Wilson,ExampleCo,TRUE,frank.wilson@example.com
Orville,Hogan,ExampleCo,TRUE,orville.hogan@example.com
Sherry,Moss,ExampleCo,TRUE,sherry.moss@example.com
Larry,Hicks,ExampleCo,TRUE,larry.hicks@example.com
Viola,Santiago,ExampleCo,TRUE,viola.santiago@example.com
Alexandra,Jennings,ExampleCo,TRUE,alexandra.jennings@example.com
Kenneth,Fowler,ExampleCo,TRUE,kenneth.fowler@example.com
Camille,Sandoval,ExampleCo,TRUE,camille.sandoval@example.com
Rafael,Keller,ExampleCo,TRUE,rafael.keller@example.com
Andrew,Olson,ExampleCo,TRUE,andrew.olson@example.com
Violet,Weaver,ExampleCo,TRUE,violet.weaver@example.com
Ian,Reid,ExampleCo,TRUE,ian.reid@example.com
Henrietta,Gutierrez,ExampleCo,TRUE,henrietta.gutierrez@example.com
Blanche,Jensen,ExampleCo,TRUE,blanche.jensen@example.com
Anita,Payne,ExampleCo,TRUE,anita.payne@example.com
Jessica,Turner,ExampleCo,TRUE,jessica.turner@example.com
Nathan,Lucas,ExampleCo,TRUE,nathan.lucas@example.com
Emanuel,Mullins,ExampleCo,TRUE,emanuel.mullins@example.com
Mable,Page,ExampleCo,TRUE,mable.page@example.com
Marvin,Freeman,ExampleCo,TRUE,marvin.freeman@example.com
Percy,Martinez,ExampleCo,TRUE,percy.martinez@example.com
Nora,Campbell,ExampleCo,TRUE,nora.campbell@example.com
Otis,Martin,ExampleCo,TRUE,otis.martin@example.com
Max,Foster,ExampleCo,TRUE,max.foster@example.com
Bill,Crawford,ExampleCo,TRUE,bill.crawford@example.com
Teresa,Barton,ExampleCo,TRUE,teresa.barton@example.com
Clinton,Frank,ExampleCo,TRUE,clinton.frank@example.com
Kendra,Alvarez,ExampleCo,TRUE,kendra.alvarez@example.com
Sherman,Craig,ExampleCo,TRUE,sherman.craig@example.com
Ken,Reynolds,ExampleCo,TRUE,ken.reynolds@example.com
Susie,Logan,ExampleCo,TRUE,susie.logan@example.com
Katie,Hernandez,ExampleCo,TRUE,katie.hernandez@example.com
Lynn,Kelly,ExampleCo,TRUE,lynn.kelly@example.com
Joanne,Salazar,ExampleCo,TRUE,joanne.salazar@example.com
Kevin,Williamson,ExampleCo,TRUE,kevin.williamson@example.com
Jesse,Wilkins,ExampleCo,TRUE,jesse.wilkins@example.com
Felix,Bridges,ExampleCo,TRUE,felix.bridges@example.com
Edmund,Lambert,ExampleCo,TRUE,edmund.lambert@example.com
Seth,Cummings,ExampleCo,TRUE,seth.cummings@example.com
Andy,Scott,ExampleCo,TRUE,andy.scott@example.com
Marty,Larson,ExampleCo,TRUE,marty.larson@example.com
Virgil,Medina,ExampleCo,TRUE,virgil.medina@example.com
Rita,Watkins,ExampleCo,TRUE,rita.watkins@example.com
Garry,Hampton,ExampleCo,TRUE,garry.hampton@example.com
Keith,Carter,ExampleCo,TRUE,keith.carter@example.com
Angelica,Gilbert,ExampleCo,TRUE,angelica.gilbert@example.com
Jeanette,Poole,ExampleCo,TRUE,jeanette.poole@example.com
Lorenzo,Parsons,ExampleCo,TRUE,lorenzo.parsons@example.com
Dana,Copeland,ExampleCo,TRUE,dana.copeland@example.com
Johnnie,Snyder,ExampleCo,TRUE,johnnie.snyder@example.com
Brad,Carpenter,ExampleCo,TRUE,brad.carpenter@example.com
Julian,Houston,ExampleCo,TRUE,julian.houston@example.com
Jo,Hughes,ExampleCo,TRUE,jo.hughes@example.com
Barbara,Kim,ExampleCo,TRUE,barbara.kim@example.com
Dana,Thompson,ExampleCo,TRUE,dana.thompson@example.com
Sophia,Cole,ExampleCo,TRUE,sophia.cole@example.com
Sean,Flores,ExampleCo,TRUE,sean.flores@example.com
Misty,Estrada,ExampleCo,TRUE,misty.estrada@example.com
Charlotte,Hale,ExampleCo,TRUE,charlotte.hale@example.com
Joel,Chapman,ExampleCo,TRUE,joel.chapman@example.com
Lucy,Gray,ExampleCo,TRUE,lucy.gray@example.com
Lisa,Perez,ExampleCo,TRUE,lisa.perez@example.com
Dwayne,Mccoy,ExampleCo,TRUE,dwayne.mccoy@example.com
Dean,Green,ExampleCo,TRUE,dean.green@example.com
Omar,Hammond,ExampleCo,TRUE,omar.hammond@example.com
Ralph,Summers,ExampleCo,TRUE,ralph.summers@example.com
Brooke,Harrison,ExampleCo,TRUE,brooke.harrison@example.com
Dora,Strickland,ExampleCo,TRUE,dora.strickland@example.com
Thomas,Ballard,ExampleCo,TRUE,thomas.ballard@example.com
Drew,Cook,ExampleCo,TRUE,drew.cook@example.com
Roxanne,Perry,ExampleCo,TRUE,roxanne.perry@example.com
April,Brock,ExampleCo,TRUE,april.brock@example.com
Ernestine,Ortega,ExampleCo,TRUE,ernestine.ortega@example.com
Elvira,Ortiz,ExampleCo,TRUE,elvira.ortiz@example.com
Alberta,Fleming,ExampleCo,TRUE,alberta.fleming@example.com
Miguel,Nunez,ExampleCo,TRUE,miguel.nunez@example.com
Jesus,Cobb,ExampleCo,TRUE,jesus.cobb@example.com
Vicki,Smith,ExampleCo,TRUE,vicki.smith@example.com